Data yeah type bad,Jodi Cabrera,5416278020,5th,1999,19
If,Sandra Stewart,6728952552,5th,1981,10
Foreign serious defense,Anthony Russell,7701191459,2th,1958,5
Worker,Aaron Barry,2800195452,2th,1904,13
Nearly national,Mr. David Spears III,9643015069,1th,1937,10
Light safe,Brianna Williams,2795271889,5th,1928,10
Defense sport,Alex Lewis,3659318777,3th,1943,1
Social us,Alan Crawford,6222222930,4th,1946,10
Arm live,Tyler Haynes,2898561349,4th,1982,1
It score during,Jose Butler,1340979860,1th,2021,19
Receive really,Charles Hoover,2730042620,1th,2012,3
Fine like catch design,Rebecca Bailey,9063095037,1th,2021,3
Film class economy,Sara Potter,2309487937,1th,1965,19
Audience defense,Brent Lin,0469504836,2th,1996,3
During when break,Walter Harris,4653019845,4th,1961,12
Contain Mrs education money,John Lopez,3892631462,1th,1967,5
Prevent member,Anna Schmidt,4802515935,3th,1930,4
However radio sea,Jennifer Cisneros,0218458071,1th,1969,1
National tell,Veronica Mcdonald,3398911623,1th,1944,8
Least magazine since,Teresa Garza,0699135208,4th,1973,3